fid,DN,area
"1","45",3615740.18569756
"2","55",3617171.86620903
"3","55",10849755.5714455
"4","45",3618603.05328369
"5","35",3621463.94639206
"6","35",10866922.2904301
"7","45",137575543.119667
"8","45",28983918.4487438
"9","45",3624322.86362839
"10","55",61614797.0170135
"11","35",3625751.58083725
"12","35",3627179.80355072
"13","25",3627179.80355263
"14","15",3627179.80355072
"15","45",3628607.53159142
"16","55",79751349.3148613
"17","55",83377518.2071362
"18","45",7260069.377491
"19","45",3630034.76477814
"20","45",3630034.76477814
"21","35",21779438.5932541
"22","45",3631461.50293159
"23","45",3631461.50292969
"24","45",3631461.50292969
"25","35",7264349.24881935
"26","35",3632887.74589157
"27","45",3632887.74589348
"28","45",3632887.74588966
"29","15",3632887.74589157
"30","25",3632887.74589157
"31","15",3632887.74588966
"32","45",43580717.8069878
"33","25",3634313.49345779
"34","35",14540104.1751556
"35","35",3635738.74547768
"36","55",207054151.102859
"37","35",7272902.24724579
"38","45",7274326.85247803
"39","35",7274326.85247421
"40","35",3637163.5017662
"41","35",3637163.5017662
"42","55",141668534.539328
"43","35",7275751.26391029
"44","45",7275751.26390839
"45","45",14551502.2259178
"46","35",3638587.76214218
"47","45",3638587.76214218
"48","55",119945572.38973
"49","35",7278599.28858376
"50","45",29108267.3781815
"51","55",3640011.52644157
"52","45",3640011.52644157
"53","45",3640011.52644157
"54","55",3640011.52644157
"55","35",3640011.52644157
"56","25",3640011.52644348
"57","55",149120155.085785
"58","55",7281446.32092667
"59","55",7282869.43852997
"60","55",10922550.183712
"61","35",3641434.79448509
"62","15",7282869.43852615
"63","45",134655312.173363
"64","35",14568584.4204617
"65","25",10926057.9363213
"66","35",7284292.36057091
"67","45",10926057.9363194
"68","55",7285714.98193359
"69","45",3642857.56609154
"70","25",3642857.56609154
"71","45",3642857.56608582
"72","45",3642857.56608963
"73","25",3642857.56609154
"74","35",36432840.7881775
"75","35",18218688.3406239
"76","55",72798785.9233131
"77","45",7288559.53214645
"78","35",7288559.53214645
"79","25",7288559.53214645
"80","25",3644279.84109306
"81","25",7288559.53214645
"82","35",3644279.84108925
"83","55",3644279.84108925
"84","45",3644279.84108925
"85","35",7288559.53214645
"86","35",29148645.9823875
"87","35",7289981.46039391
"88","35",3645701.61930656
"89","55",3645701.61930656
"90","35",3645701.61930656
"91","45",3645701.61930656
"92","35",3647122.9005661
"93","55",10941368.1031914
"94","35",3647122.90056801
"95","55",7295666.58526421
"96","35",10943120.8676434
"97","55",18235614.0056992
"98","45",7295666.58526421
"99","15",10943878.5890923
"100","35",7297087.2199707
"101","35",3648543.6846981
"102","25",3648543.6846981
"103","35",3648543.68470001
"104","55",3648543.6846981
"105","25",7297087.2199707
"106","25",7297087.2199707
"107","25",3648543.68470001
"108","35",32836889.8772392
"109","35",32839161.3502178
"110","15",7299927.79380035
"111","35",14597108.2788658
"112","35",3649963.97150993
"113","55",3649963.97150993
"114","55",3649963.97150993
"115","35",3649963.97151184
"116","25",3649963.97151184
"117","15",3649963.97151184
"118","25",18249816.8731689
"119","25",3649963.97151184
"120","15",7299927.79380035
"121","25",3649963.97151184
"122","25",14599855.3885727
"123","35",51086612.7361431
"124","25",94852401.3097324
"125","25",7302767.37269211
"126","35",3651383.76085091
"127","35",3651383.76085281
"128","55",3651383.76085091
"129","55",3651383.76085091
"130","45",3651383.76085091
"131","25",3651383.76085091
"132","25",3651383.76085091
"133","5",3651383.76085091
"134","25",3651383.76085091
"135","35",36507159.7780857
"136","45",29216744.2752762
"137","15",18260179.9977245
"138","45",262482853.808861
"139","15",3652803.05253029
"140","25",3652803.0525322
"141","35",3652803.0525322
"142","25",7305605.95624924
"143","25",3652803.0525322
"144","35",14614049.5004139
"145","25",10960159.9305401
"146","35",10960159.930542
"147","35",14612298.2296333
"148","15",3654221.84637833
"149","25",7308443.54416275
"150","35",3654221.84637833
"151","25",3654221.84638023
"152","35",3654221.84638023
"153","45",7308443.54416275
"154","45",3654221.84637833
"155","15",7308443.54416275
"156","25",32875073.1296387
"157","25",3654221.84638023
"158","55",14619634.1930237
"159","25",7309861.98859978
"160","15",3655640.14222145
"161","45",7311280.13603592
"162","55",3655640.14221954
"163","45",3655640.14221954
"164","45",3655640.14222145
"165","5",25593155.5611038
"166","35",3657057.93988419
"167","35",3657057.93988609
"168","45",3657057.93988228
"169","55",3657057.93988419
"170","15",7314115.73157883
"171","25",10971173.2268791
"172","45",197028924.031607
"173","35",14627145.7400303
"174","25",10971173.3213005
"175","25",10972923.5438824
"176","45",7315533.17907906
"177","55",14631066.0619812
"178","45",3658475.23919678
"179","55",3658475.23919678
"180","25",3658475.23919487
"181","25",29263548.0762463
"182","15",76784410.3203754
"183","5",102388673.191715
"184","15",7318367.27916527
"185","35",7319783.93215942
"186","25",3659892.0399704
"187","35",3659892.03996658
"188","35",3659892.03996658
"189","25",7319783.93215942
"190","15",3659892.03996658
"191","25",3659892.0399704
"192","15",3659892.0399704
"193","25",3659892.0399704
"194","45",32933027.2905235
"195","25",76743209.1845169
"196","45",10981425.1430779
"197","55",7321200.38201523
"198","25",14640650.9468098
"199","25",7322616.5365181
"200","45",3661308.34204674
"201","35",18306538.7587662
"202","5",3661308.34204483
"203","15",3661308.34204483
"204","35",335853962.090504
"205","15",204733665.207272
"206","35",80469576.8838272
"207","35",25623492.1884403
"208","45",911202178.22798
"209","25",14644149.2883244
"210","35",10986423.4687252
"211","45",10985673.6982136
"212","25",14647647.6304436
"213","25",7324032.48729134
"214","25",7324032.48729134
"215","25",3662724.14524651
"216","45",3662724.14524651
"217","35",3662724.14524651
"218","5",3662724.14524651
"219","35",3662724.14524651
"220","45",7325448.14312744
"221","35",10986423.4687271
"222","65",3662724.1452446
"223","35",3662724.1452446
"224","35",3662724.1452446
"225","15",3662724.14524651
"226","25",21971595.9562244
"227","25",7325448.14312744
"228","15",3662724.14524651
"229","25",69590492.5143509
"230","5",25639067.5765209
"231","45",7326863.59463882
"232","25",7326863.59464073
"233","35",7326863.59464073
"234","5",29297544.6070709
"235","25",3664139.44939423
"236","35",47612578.721302
"237","25",7328278.75162506
"238","35",3664139.44939232
"239","35",3664139.44939423
"240","35",3664139.44939423
"241","45",3664139.44939232
"242","45",3664139.44939423
"243","25",3664139.44939423
"244","15",3664139.44939423
"245","35",3664139.44939423
"246","45",3664139.44939423
"247","15",7328278.75162888
"248","45",18313618.2309704
"249","35",54952427.5073719
"250","45",32968012.303503
"251","35",7329693.70370865
"252","25",10994166.3169155
"253","35",7329693.70371246
"254","15",25644727.6477032
"255","25",14659387.1133041
"256","25",7329693.70371246
"257","35",3665554.25431633
"258","25",3665554.25431633
"259","35",7331108.36168289
"260","45",21984835.2564335
"261","35",3665554.25431633
"262","35",3665554.25431633
"263","45",3665554.25431824
"264","45",7331108.36167526
"265","15",3665554.25431824
"266","5",3665554.25431824
"267","25",3665554.25431824
"268","15",3665554.25431824
"269","35",3665554.25431824
"270","25",7332522.81415749
"271","65",7332522.81415558
"272","25",18327437.3142529
"273","35",3666968.55983734
"274","25",3666968.55984116
"275","45",25660119.6085148
"276","55",3666968.55983734
"277","45",3666968.55984116
"278","45",3666968.55983734
"279","65",3666968.55983734
"280","45",3666968.55983734
"281","15",3666968.55983734
"282","15",36644632.3664608
"283","35",3666968.55983734
"284","25",18330425.9048119
"285","25",7333936.97294235
"286","15",3666968.55983543
"287","5",40328499.0507278
"288","45",25664536.0033302
"289","35",18335922.354372
"290","15",14667873.7397804
"291","45",7335350.92562485
"292","25",14670701.5579834
"293","35",11002652.9433918
"294","5",11002652.9433937
"295","35",3668382.36578369
"296","25",3668382.36578751
"297","5",3668382.36578369
"298","25",3668382.36578751
"299","35",3668382.36578369
"300","55",3668382.36578369
"301","35",3668382.36578751
"302","25",3668382.36578369
"303","35",18333093.243927
"304","35",3668382.36578751
"305","35",3668382.36578751
"306","35",3668382.36578751
"307","35",3668382.36578751
"308","45",3668382.36578369
"309","65",3668382.36578751
"310","15",3668382.36578751
"311","35",3668382.36578751
"312","25",3668382.36578751
"313","25",3668382.36578751
"314","45",69652999.1080875
"315","45",22008799.9147968
"316","35",11005146.5976219
"317","55",11006894.0082378
"318","25",11007639.8122501
"319","25",66023142.7337818
"320","5",25684916.9357834
"321","15",11006894.0082397
"322","15",3669795.67199898
"323","5",3669795.67199898
"324","15",3669795.67199898
"325","25",3669795.67199898
"326","45",3669795.67199898
"327","35",3669795.67199898
"328","35",3669795.67199898
"329","45",3669795.67199898
"330","45",3669795.67199898
"331","35",3669795.67199898
"332","25",3669795.67199898
"333","15",7339591.19765854
"334","25",3669795.67199898
"335","35",3669795.67199898
"336","55",33013902.8845425
"337","45",7339591.19765854
"338","35",3669795.67199898
"339","45",3669795.67199898
"340","35",3669795.67199898
"341","55",3669795.67199898
"342","5",47672567.573555
"343","25",3669795.67199898
"344","5",3669795.67199898
"345","5",3669795.67199898
"346","5",3669795.67199898
"347","25",3669795.67199898
"348","35",40364589.5645866
"349","45",18350056.6226921
"350","45",14679182.1880608
"351","65",73361984.1292858
"352","15",95309707.1713409
"353","25",7341004.15027618
"354","35",3671208.47827911
"355","25",3671208.47827911
"356","35",3671208.47827911
"357","45",3671208.47827721
"358","45",3671208.47827911
"359","35",3671208.47827721
"360","25",7342416.81044388
"361","35",3671208.47827721
"362","45",3671208.47827911
"363","35",14684832.4519272
"364","45",3671208.47827911
"365","15",3671208.47827721
"366","5",3671208.47827911
"367","25",3671208.47827721
"368","5",3671208.47827721
"369","35",7342416.81044388
"370","25",3671208.47827721
"371","15",44045275.7808914
"372","25",22030484.9274979
"373","45",7343829.26275444
"374","35",11015371.6385632
"375","25",55065449.7806778
"376","5",18354962.8362198
"377","35",3672620.78447151
"378","25",3672620.78447151
"379","15",25698123.8657646
"380","45",3672620.78447151
"381","35",3672620.78447151
"382","15",7345241.42303085
"383","25",36722482.3690529
"384","35",11017861.7697639
"385","25",11017861.7697639
"386","35",3672620.78447151
"387","25",7345241.42303085
"388","35",11016115.8576622
"389","35",51398324.6245747
"390","35",22030408.37924
"391","45",22030408.37924
"392","5",143019713.269381
"393","25",25710165.3054409
"394","5",18361614.3998528
"395","35",14693231.1184521
"396","65",14693231.1184521
"397","55",14690482.6376247
"398","5",18366929.3735752
"399","45",3674032.59039688
"400","25",3674032.59039688
"401","15",7348065.0350914
"402","35",3674032.59039688
"403","45",3674032.59039879
"404","45",3674032.59039688
"405","55",3674032.59039879
"406","45",11020351.6299953
"407","15",3674032.59039879
"408","5",7348065.03508759
"409","35",3674032.59039879
"410","35",3674032.59039879
"411","45",18366336.0426922
"412","25",3674032.59039879
"413","25",3674032.59039879
"414","35",3674032.59039879
"415","15",3674032.59039879
"416","5",3674032.59039879
"417","5",3674032.59039879
"418","25",3674032.59039879
"419","25",7348065.03509903
"420","35",3674032.59039879
"421","35",11022097.27075
"422","35",33066140.4671516
"423","35",14696129.8611507
"424","5",11023843.2662449
"425","25",7349476.48627853
"426","25",11023843.2662354
"427","35",11023843.2662354
"428","15",3675443.89587784
"429","35",3675443.89587784
"430","5",7350887.64626694
"431","25",3675443.89587784
"432","45",22045679.7298393
"433","25",3675443.89587784
"434","25",187138192.956825
"435","25",11024585.9013958
"436","45",3675443.89587784
"437","45",22043784.4294529
"438","25",3675443.89587975
"439","45",3675443.89587975
"440","45",3675443.89587975
"441","35",3675443.89587975
"442","25",3675443.89587975
"443","45",14698952.6813564
"444","45",2714176453.40685
"445","25",3675443.89587975
"446","15",22048428.2940521
"447","5",7350887.64627457
"448","5",3675443.89587975
"449","35",3675443.89587975
"450","45",3675443.89587975
"451","55",3675443.89587975
"452","55",3675443.89587975
"453","15",11026331.1870327
"454","15",36748196.4923038
"455","15",465385444.14761
"456","35",25728512.7601738
"457","35",11028076.8277817
"458","65",18376141.8628731
"459","25",25734530.1958084
"460","25",14704189.2487335
"461","25",7352298.59663391
"462","5",18376141.8628693
"463","15",7352298.59663391
"464","45",11028818.6713428
"465","15",18380113.3898163
"466","5",7352298.59663391
"467","35",3676854.70075417
"468","45",3676854.70075226
"469","55",3676854.70075226
"470","15",14702851.2617359
"471","45",3676854.70075417
"472","35",3676854.70075226
"473","25",3676854.70075226
"474","35",3676854.70075417
"475","25",3676854.70075226
"476","35",3676854.70075226
"477","35",7353709.25621414
"478","5",3676854.70075417
"479","35",3676854.70075417
"480","35",7353709.25621414
"481","25",3676854.70075417
"482","5",3676854.70075417
"483","25",3676854.70075417
"484","15",3676854.70075417
"485","25",3676854.70075417
"486","55",3676854.70075417
"487","25",25731261.5684566
"488","45",22058640.0741272
"489","15",36744889.3395824
"490","25",14707418.3022175
"491","35",11030563.6014652
"492","35",14708493.8351822
"493","35",29417321.925909
"494","15",36758333.4529591
"495","35",11032308.8870945
"496","35",7355119.70558739
"497","45",18387834.4383087
"498","15",44109220.534483
"499","15",11033049.9393063
"500","55",29416653.1096439
"501","35",3678265.00483322
"502","35",3678265.00483513
"503","45",3678265.00483322
"504","35",3678265.00483513
"505","45",3678265.00483513
"506","35",3678265.00483322
"507","35",3678265.00483513
"508","45",3678265.00483513
"509","55",3678265.00483513
"510","25",3678265.00483322
"511","15",3678265.00483513
"512","25",3678265.00483322
"513","45",3678265.00483322
"514","65",3678265.00483322
"515","45",14710645.2567959
"516","5",18387762.6378326
"517","5",25738387.4585285
"518","25",11033049.9393005
"519","25",3678265.00483322
"520","5",14708493.8351803
"521","25",7356529.86459351
"522","55",14710239.1208134
"523","45",40436784.7638721
"524","25",73526281.3427219
"525","25",44124737.6588936
"526","45",84529325.1404095
"527","45",22065358.1150188
"528","35",18390248.6999016
"529","25",18391324.378149
"530","35",25747112.1088924
"531","35",33091689.1567554
"532","5",7357939.81280136
"533","15",499238585.160362
"534","25",22070664.2701263
"535","25",22075420.9798622
"536","15",25749334.4751854
"537","35",3679674.80796623
"538","35",7359349.47106171
"539","35",7359349.47106171
"540","35",3679674.80796814
"541","15",3679674.80796623
"542","35",3679674.80796623
"543","25",3679674.80796814
"544","35",3679674.80796623
"545","35",3679674.80796623
"546","45",637168540.062387
"547","45",3679674.80796623
"548","25",11037279.7047787
"549","25",3679674.80796623
"550","15",11037279.7047806
"551","25",3679674.80796623
"552","45",3679674.80796814
"553","45",3679674.80796814
"554","35",11039023.8444366
"555","25",11037279.7047787
"556","25",3679674.80796623
"557","25",7359349.47106552
"558","45",7359349.47106552
"559","25",3679674.80796814
"560","35",7359349.47106552
"561","35",3679674.80796814
"562","35",29423928.7858467
"563","35",3679674.80796814
"564","35",3679674.80796814
"565","45",11039023.8444366
"566","55",18394884.1667633
"567","65",3679674.80796814
"568","45",11039023.92276
"569","35",14717623.5536404
"570","25",22079052.515173
"571","45",40456531.8339672
"572","25",7360758.91792488
"573","65",7360758.91792488
"574","15",7360758.91792297
"575","35",14721112.7023735
"576","45",7360758.91792297
"577","25",3681084.10995483
"578","15",3681084.10995865
"579","25",3681084.10995483
"580","35",3681084.10995865
"581","25",3681084.10995865
"582","35",3681084.10995483
"583","45",3681084.10995865
"584","35",33109849.5673523
"585","25",3681084.10995865
"586","15",3681084.10995865
"587","25",3681084.10995483
"588","35",3681084.10995483
"589","15",14721517.5463257
"590","25",11041507.9672413
"591","5",7362168.07525635
"592","15",3681084.10995674
"593","45",3681084.10995483
"594","35",18405417.6566772
"595","45",3681084.10995483
"596","35",3681084.10995674
"597","25",11043251.7512589
"598","35",3681084.10995483
"599","45",7362168.07526398
"600","55",3681084.10995483
"601","45",73590069.453701
"602","35",11044996.0465508
"603","15",25769065.0494003
"604","45",14727084.9044838
"605","25",7363577.02060318
"606","45",11044996.0465488
"607","35",7363577.02060318
"608","25",18408838.2678719
"609","15",11044996.0465488
"610","65",22086503.2231674
"611","45",172829323.959354
"612","35",3682492.91064453
"613","15",3682492.91064835
"614","45",3682492.91064453
"615","35",3682492.91064453
"616","65",3682492.91064453
"617","35",3682492.91064453
"618","25",22094952.4082718
"619","15",3682492.91064835
"620","35",3682492.91064835
"621","25",3682492.91064835
"622","15",3682492.91064835
"623","35",3682492.91064644
"624","5",3682492.91064644
"625","45",3682492.91064835
"626","25",7364985.67684555
"627","15",3682492.91064644
"628","35",3682492.91064835
"629","35",11047478.1541519
"630","25",150745158.719988
"631","35",7364985.67684174
"632","55",202091195.020397
"633","45",77283894.9564896
"634","25",25770739.6381149
"635","35",29450609.2836037
"636","45",22093547.8726044
"637","35",22094956.0275764
"638","45",44191045.02248
"639","45",22093479.0249863
"640","25",44157834.4617748
"641","65",11049222.0917892
"642","35",11049959.9810333
"643","15",11049959.9810295
"644","25",47867104.466383
"645","55",14732720.1843758
"646","25",95708228.1957836
"647","25",7366394.12050247
"648","25",7366394.12050247
"649","25",3683901.20985603
"650","35",3683901.20985603
"651","25",3683901.20985603
"652","35",3683901.20985603
"653","45",3683901.20985603
"654","55",3683901.20985603
"655","35",3683901.20985413
"656","25",11049959.9810295
"657","25",7367802.27547455
"658","35",3683901.20985413
"659","45",11049959.9810276
"660","25",3683901.20985413
"661","65",14732855.1429081
"662","45",3683901.20985413
"663","35",191268151.329599
"664","15",7367802.27547073
"665","5",3683901.20985413
"666","25",3683901.20985413
"667","35",3683901.20985413
"668","35",3683901.20985413
"669","45",3683901.20985413
"670","35",3683901.20985413
"671","25",3683901.20985413
"672","45",3683901.20985413
"673","35",3683901.20985413
"674","35",3683901.20985413
"675","45",3683901.20985413
"676","15",69952863.2722626
"677","55",3681683381.86791
"678","15",99392932.456913
"679","35",47891044.5995693
"680","45",14738353.4573479
"681","25",7369210.21726799
"682","15",7369210.21726799
"683","35",7369210.21726799
"684","45",7369210.21726799
"685","25",3685309.00741196
"686","45",40514126.0135441
"687","45",3685309.00741196
"688","45",3685309.00741386
"689","45",3685309.00741196
"690","35",3685309.00741196
"691","25",11055926.4461479
"692","35",3685309.00741386
"693","45",7370617.87081146
"694","35",7370617.87081146
"695","55",3685309.00741196
"696","5",106758066.746393
"697","25",11055926.4461479
"698","15",11055926.4461479
"699","35",14741234.5894089
"700","45",7370617.87081146
"701","35",3685309.00741386
"702","15",7370617.87081146
"703","25",3685309.00741196
"704","25",3685309.00741386
"705","45",3685309.00741386
"706","45",3685309.00741196
"707","45",3685309.00741386
"708","35",3685309.00741386
"709","75",3685309.00741386
"710","5",81030665.9159088
"711","45",11057669.667305
"712","65",33160738.7810249
"713","45",14744450.8615589
"714","35",7372025.31056213
"715","5",11058405.9765549
"716","35",7372025.31056213
"717","25",7372025.31056213
"718","35",7372025.31056213
"719","35",7372025.31056213
"720","65",11057669.6673031
"721","55",18425471.9427719
"722","45",11057669.6672993
"723","35",3686716.30314827
"724","45",3686716.30315018
"725","35",3686716.30315018
"726","25",3686716.30315018
"727","25",7373432.46248245
"728","35",3686716.30315018
"729","45",3686716.30314827
"730","55",3686716.30315018
"731","55",3686716.30315018
"732","45",62588345.7040806
"733","25",7373432.46248627
"734","15",25798634.5928993
"735","35",3686716.30314827
"736","25",18429759.7249622
"737","15",3686716.30314827
"738","15",3686716.30314827
"739","15",3686716.30314827
"740","45",14744450.8615646
"741","25",11058405.9765568
"742","35",3686716.30314827
"743","45",7373432.46248627
"744","45",3686716.30314827
"745","55",3686716.30314827
"746","35",3686716.30314827
"747","55",11058405.976553
"748","45",3686716.30315018
"749","35",3686716.30314827
"750","55",3686716.30314827
"751","45",73697318.7830276
"752","35",44223301.961853
"753","55",40542216.8487644
"754","25",25801048.4419365
"755","55",44228129.2892361
"756","25",7374839.40003586
"757","15",70028772.9245396
"758","25",14749678.5126534
"759","5",18432509.067337
"760","35",18432509.0673351
"761","25",7374839.40003395
"762","35",3688123.09688568
"763","45",7376246.05016708
"764","35",51605038.2417889
"765","45",7376246.05016708
"766","65",7376246.05016708
"767","35",3688123.09688568
"768","25",3688123.09688568
"769","25",3688123.09688568
"770","35",3688123.09688568
"771","45",3688123.09688568
"772","55",3688123.09688568
"773","45",3688123.09688568
"774","55",3688123.09688568
"775","45",3688123.09688568
"776","25",3688123.09688568
"777","35",3688123.09688568
"778","45",3688123.09688568
"779","35",3688123.09688568
"780","25",7376246.05016708
"781","35",25813918.0189018
"782","25",3688123.09688377
"783","25",3688123.09688568
"784","25",3688123.09688568
"785","35",3688123.09688568
"786","15",3688123.09688377
"787","35",3688123.09688568
"788","65",3688123.09688377
"789","35",14752490.9515228
"790","45",3688123.09688568
"791","55",7376246.05016708
"792","25",3688123.09688568
"793","15",3688123.09688568
"794","55",3688123.09688568
"795","15",3688123.09688568
"796","35",3688123.09688568
"797","35",3688123.09688568
"798","15",3688123.09688568
"799","45",3688123.09688568
"800","55",3688123.09688377
"801","45",3688123.09688568
"802","55",33179703.4577103
"803","45",18439543.6818733
"804","35",18443826.2996883
"805","55",14754905.4470024
"806","35",11066845.9496593
"807","15",47942173.328722
"808","35",14755304.6836967
"809","25",7377652.48535156
"810","45",36870980.2273502
"811","25",18437800.8927975
"812","35",7377652.48535156
"813","45",180549718.691238
"814","45",3689529.38846397
"815","35",7379058.63352966
"816","45",3689529.38846397
"817","45",3689529.38846588
"818","45",3689529.38846588
"819","35",7379058.63352966
"820","25",3689529.38846397
"821","25",3689529.38846588
"822","25",11068587.5918159
"823","45",7379058.63352966
"824","35",3689529.38846397
"825","25",7379058.63352966
"826","35",3689529.38846397
"827","35",7379058.63352966
"828","45",3689529.38846588
"829","55",7379058.63354111
"830","15",3689529.38846588
"831","35",3689529.38846588
"832","55",3689529.38846588
"833","55",3689529.38846588
"834","35",3689529.38846588
"835","25",3689529.38846588
"836","25",3689529.38846588
"837","45",3689529.38846588
"838","55",3689529.38846588
"839","45",47949816.5510025
"840","65",77454520.4665775
"841","45",59020894.3465176
"842","45",55328661.081419
"843","45",47965495.632782
"844","65",14758117.0515022
"845","25",29514156.0350628
"846","35",7380464.56614876
"847","15",14760928.845726
"848","55",18451191.7455597
"849","45",18447646.2965641
"850","35",40573233.3578014
"851","25",66401677.7064457
"852","35",22139774.5950127
"853","45",3690935.17768669
"854","45",7381870.21220016
"855","35",3690935.17768288
"856","25",3690935.17768288
"857","15",11072804.9603424
"858","25",3690935.17768669
"859","5",11072804.9603424
"860","15",3690935.17768669
"861","45",7381870.21220016
"862","45",3690935.17768669
"863","35",3690935.17768669
"864","25",11072804.9603386
"865","35",3690935.17768288
"866","35",125249975.315844
"867","35",7381870.21219635
"868","45",3690935.17768288
"869","65",3690935.17768288
"870","75",3690935.17768288
"871","35",3690935.17768288
"872","25",3690935.17768288
"873","45",3690935.17768288
"874","55",3690935.17768288
"875","45",3690935.17768288
"876","15",3690935.17768288
"877","35",3690935.17768288
"878","45",3690935.17768288
"879","35",3690935.17768288
"880","45",51642491.0744934
"881","15",33207775.2328873
"882","55",121651073.045574
"883","55",18450457.5159073
"884","55",202652310.384329
"885","5",36904796.5483551
"886","25",22147015.5641823
"887","75",14763740.2082405
"888","15",18458493.9481983
"889","35",7383275.64208984
"890","15",7383275.64208984
"891","45",7383275.64209175
"892","45",14766550.9980392
"893","35",11075279.8961926
"894","45",33208234.7692204
"895","25",7384680.7858429
"896","55",3692340.46440315
"897","45",11075279.8961964
"898","45",3692340.46440315
"899","15",3692340.46440887
"900","15",62724524.7283173
"901","15",36902440.8524609
"902","35",11075279.8961926
"903","55",3692340.46440315
"904","45",3692340.46440315
"905","45",11077020.8213501
"906","25",7384680.78583908
"907","35",3692340.46440887
"908","35",3692340.46440887
"909","25",3692340.46440887
"910","35",14766550.9980297
"911","45",3692340.46440887
"912","55",7384680.7858429
"913","45",3692340.46440887
"914","55",3692340.46440887
"915","45",3692340.46440887
"916","55",3692340.46440887
"917","65",3692340.46440887
"918","55",7384680.7858429
"919","45",3692340.46440887
"920","15",3692340.46440887
"921","35",3692340.46440887
"922","55",7384680.78583908
"923","45",7384680.7858429
"924","35",11077020.8213501
"925","35",25836543.2287521
"926","25",33222231.4297237
"927","65",25838621.7277279
"928","45",40602423.5992603
"929","75",25844579.6610374
"930","45",11078762.2445755
"931","35",36918850.9229603
"932","45",7386085.71284294
"933","45",7386085.71284294
"934","25",7386085.71283722
"935","15",62753994.7404652
"936","25",55358332.3682232
"937","55",14769361.3549347
"938","55",14772171.1399651
"939","55",7386085.71284294
"940","75",55350767.1561642
"941","35",3693745.24843407
"942","35",3693745.24843407
"943","45",3693745.24843407
"944","25",3693745.24843407
"945","45",3693745.24843407
"946","15",3693745.24843407
"947","55",3693745.24843407
"948","35",3693745.24843407
"949","55",3693745.24843407
"950","35",3693745.24843407
"951","45",3693745.24843407
"952","55",3693745.24843407
"953","45",3693745.24843407
"954","25",3693745.24843407
"955","35",3693745.24843407
"956","35",3693745.24843407
"957","45",18465243.5395336
"958","55",14772171.1399632
"959","65",3693745.24843407
"960","55",7387490.35412598
"961","75",3693745.24843407
"962","75",18465302.7687359
"963","45",3693745.24843407
"964","45",7387490.35412216
"965","55",3693745.24843407
"966","35",7387490.35412598
"967","45",3693745.24843407
"968","45",3693745.24843407
"969","25",3693745.24843407
"970","15",3693745.24843407
"971","25",3693745.24843407
"972","45",36922332.2653675
"973","45",22155781.9863892
"974","45",11081235.2424469
"975","75",14776048.2764626
"976","15",7388894.77804375
"977","35",55376668.1396084
"978","15",11083707.8120651
"979","35",7388894.77804375
"980","45",14777789.2707901
"981","35",22162470.4167461
"982","45",11082976.2367802
"983","35",29551145.725132
"984","65",44319201.2388229
"985","65",14777789.2707901
"986","45",33247127.7051029
"987","55",11082976.2367783
"988","25",22163538.6305943
"989","15",7390298.91667557
"990","5",3695149.52960968
"991","45",3695149.52960968
"992","55",22159323.9185505
"993","35",3695149.52960968
"994","15",3695149.52960968
"995","25",3695149.52960968
"996","55",3695149.52960968
"997","45",7390298.91667557
"998","25",3695149.52960968
"999","25",3695149.52960968
"1000","15",7390298.91667557
"1001","45",7390298.91667557
"1002","35",3695149.52960968
"1003","45",3695149.52960968
"1004","35",11085448.0186539
"1005","55",3695149.52960777
"1006","35",14778184.2079144
"1007","25",3695149.52960968
"1008","45",3695149.52960777
"1009","55",7390298.91667557
"1010","75",3695149.52960777
"1011","55",3695149.52960968
"1012","65",3695149.52960777
"1013","55",7390298.91667557
"1014","55",3695149.52960968
"1015","45",132713472.313681
"1016","55",3695149.52960968
"1017","35",11085448.0186539
"1018","55",81222709.1672344
"1019","55",7390298.91666794
"1020","45",3695149.52960968
"1021","35",11085448.0857944
"1022","45",29561309.1136322
"1023","55",55417071.1802826
"1024","35",18474679.0741405
"1025","45",14783010.8132019
"1026","55",11087188.7200203
"1027","15",18476814.2852287
"1028","45",14783799.3967438
"1029","55",22175107.3725853
"1030","45",3696553.3077507
"1031","15",3696553.3077507
"1032","15",3696553.3077507
"1033","45",3696553.3077507
"1034","55",3696553.3077507
"1035","45",3696553.3077507
"1036","35",3696553.3077507
"1037","35",29558779.8876152
"1038","45",7393106.47317123
"1039","45",3696553.3077507
"1040","25",3696553.3077507
"1041","15",3696553.3077507
"1042","45",3696553.3077507
"1043","15",3696553.3077507
"1044","5",3696553.3077507
"1045","25",3696553.3077507
"1046","25",3696553.3077507
"1047","35",3696553.3077507
"1048","25",3696553.3077507
"1049","45",3696553.3077507
"1050","45",3696553.30775261
"1051","55",3696553.3077507
"1052","65",7393106.47317505
"1053","25",3696553.3077507
"1054","55",7393106.47317505
"1055","65",3696553.30775261
"1056","65",3696553.3077507
"1057","75",3696553.3077507
"1058","65",3696553.30775261
"1059","75",3696553.3077507
"1060","65",7393106.47317505
"1061","55",3696553.30775261
"1062","25",14783405.3898468
"1063","55",3696553.30775261
"1064","65",11087919.507185
"1065","35",3696553.3077507
"1066","55",73818328.585186
"1067","65",3696553.3077507
"1068","45",3696553.30775261
"1069","55",7393106.47317505
"1070","65",3696553.30775261
"1071","45",3696553.3077507
"1072","65",3696553.30775261
"1073","55",18478332.8768539
"1074","35",96026460.1850395
"1075","25",59120687.0437374
"1076","65",33270091.2154083
"1077","25",14789019.4964294
"1078","25",7394509.89043999
"1079","35",7394509.89043999
"1080","15",11091399.693779
"1081","35",7394509.89043999
"1082","25",14788962.4883366
"1083","65",33253534.0432034
"1084","45",11092129.6930885
"1085","65",7394509.89043999
"1086","45",7394509.89044189
"1087","35",3697956.58268929
"1088","25",3697956.58268929
"1089","55",3697956.58268929
"1090","45",11092129.6930904
"1091","25",3697956.58268929
"1092","35",7395913.02325821
"1093","25",3697956.58268929
"1094","15",3697956.58268929
"1095","15",3697956.58268929
"1096","5",3697956.58268929
"1097","25",3697956.58268929
"1098","25",3697956.58268929
"1099","15",11092129.6930904
"1100","55",7395913.02325821
"1101","65",3697956.58268929
"1102","55",3697956.58268929
"1103","35",3697956.58268929
"1104","45",3697956.58268929
"1105","65",3697956.58268929
"1106","75",3697956.58268929
"1107","75",7395913.02326202
"1108","55",3697956.58268929
"1109","75",3697956.58268929
"1110","45",3697956.58268929
"1111","55",3697956.58268929
"1112","55",3697956.58268929
"1113","45",3697956.58268929
"1114","45",7395913.02325821
"1115","55",3697956.58268929
"1116","55",18485965.738987
"1117","65",3697956.58268929
"1118","55",3697956.58268929
"1119","65",11093869.1796036
"1120","85",85008699.456522
"1121","55",634454457.905466
"1122","35",22183528.664753
"1123","35",18493598.0863628
"1124","45",25879745.3345852
"1125","45",59146586.4476852
"1126","25",7397315.93695068
"1127","45",7397315.93695068
"1128","15",11095609.1575584
"1129","55",125560364.499769
"1130","35",51761775.2309361
"1131","85",11096338.3692665
"1132","65",92315485.5434227
"1133","65",7397315.93695068
"1134","35",11096338.3692665
"1135","45",3699359.35426331
"1136","15",3699359.3542614
"1137","25",7398718.56661606
"1138","45",3699359.3542614
"1139","35",3699359.3542614
"1140","25",7398718.56661606
"1141","15",3699359.3542614
"1142","25",51770095.6812172
"1143","45",3699359.3542614
"1144","35",3699359.35426331
"1145","65",3699359.3542614
"1146","65",3699359.35426331
"1147","65",3699359.3542614
"1148","65",7398718.56661987
"1149","75",3699359.35426331
"1150","55",3699359.3542614
"1151","65",3699359.35426331
"1152","55",3699359.3542614
"1153","75",62852512.5518303
"1154","55",3699359.35426331
"1155","65",7398718.56661987
"1156","55",3699359.35426331
"1157","65",3699359.35426331
"1158","55",7398718.56661987
"1159","55",18492980.1782856
"1160","65",51760158.20084
"1161","55",14794630.8669891
"1162","75",70262341.4408588
"1163","45",48077962.3188095
"1164","15",22194752.5664234
"1165","15",11098077.5592384
"1166","15",11098077.5592384
"1167","35",36983715.3387871
"1168","55",11098077.5592346
"1169","85",33284355.9845276
"1170","35",11099817.1108513
"1171","25",7400120.97654915
"1172","45",14800632.8885002
"1173","45",3700761.62228775
"1174","25",3700761.62228394
"1175","15",7401523.10288239
"1176","25",3700761.62228775
"1177","15",3700761.62228775
"1178","35",14798502.1178875
"1179","25",11100545.5351982
"1180","45",7401523.10288239
"1181","65",3700761.62228775
"1182","65",3700761.62228394
"1183","75",40688122.9572239
"1184","75",33292372.272049
"1185","65",3700761.62228394
"1186","55",3700761.62228394
"1187","65",18499372.1288605
"1188","55",11100545.5351944
"1189","75",99867686.0438824
"1190","35",18499600.300087
"1191","5",29605699.6178837
"1192","5",51782608.5968094
"1193","25",11104751.1903419
"1194","25",7402925.00887299
"1195","55",11104023.5531044
"1196","25",7402925.00887299
"1197","15",7402925.00887299
"1198","25",25899384.3546886
"1199","35",11104751.1903458
"1200","35",25903307.903595
"1201","45",36998133.5514202
"1202","75",11104023.5531044
"1203","75",14805458.8776112
"1204","45",11104023.5531044
"1205","35",3702163.38658524
"1206","25",3702163.38658524
"1207","15",3702163.38658905
"1208","15",3702163.38658524
"1209","15",3702163.38658524
"1210","35",3702163.38658524
"1211","45",3702163.38658905
"1212","45",3702163.38658905
"1213","15",3702163.38658905
"1214","25",3702163.38658905
"1215","45",3702163.38658524
"1216","15",3702163.38658905
"1217","35",3702163.38658524
"1218","65",3702163.38658905
"1219","55",3702163.38658524
"1220","65",3702163.38658905
"1221","55",3702163.38658905
"1222","45",44395502.3392544
"1223","55",11106489.593853
"1224","75",14808652.1315842
"1225","55",3702163.38658714
"1226","5",25903926.5693817
"1227","55",40708031.1792088
"1228","25",18511880.3430901
"1229","65",29611699.0278873
"1230","15",7405728.03359604
"1231","15",7405728.03359413
"1232","35",11108955.3342209
"1233","55",7405728.03359604
"1234","65",25913741.1547565
"1235","85",14811455.7844448
"1236","65",11108228.48382
"1237","15",7407129.15274811
"1238","5",7407129.15274811
"1239","15",3703564.6470089
"1240","25",3703564.6470089
"1241","35",3703564.6470089
"1242","15",11108955.3342171
"1243","15",3703564.6470089
"1244","45",3703564.6470089
"1245","25",3703564.6470089
"1246","25",11108955.3342171
"1247","55",3703564.6470089
"1248","45",25914805.0687981
"1249","65",11110693.3759575
"1250","55",7407129.15274811
"1251","35",11110693.3759575
"1252","25",7407129.15274811
"1253","55",11110693.3759575
"1254","45",3703564.64700699
"1255","75",3703564.64700699
"1256","75",3703564.64700699
"1257","75",3703564.64700699
"1258","75",3703564.64700699
"1259","15",40705565.2497616
"1260","65",29615902.1633835
"1261","75",148030937.775448
"1262","35",125830246.361551
"1263","85",48148927.7014561
"1264","45",11112431.9024868
"1265","15",7408530.05036545
"1266","25",14814258.0839596
"1267","25",14817059.8184128
"1268","75",14817059.8184128
"1269","55",11113157.9662914
"1270","45",14816670.8184719
"1271","15",3704965.40335655
"1272","5",7409930.66566467
"1273","15",3704965.40335655
"1274","25",3704965.40335464
"1275","35",18520388.7324009
"1276","35",11113157.9662876
"1277","15",3704965.40335655
"1278","25",3704965.40335655
"1279","25",3704965.40335655
"1280","45",3704965.40335655
"1281","55",3704965.40335655
"1282","35",3704965.40335464
"1283","65",3704965.40335655
"1284","55",3704965.40335655
"1285","45",3704965.40335464
"1286","15",7409930.66566849
"1287","45",3704965.40335464
"1288","45",3704965.40335464
"1289","55",3704965.40335464
"1290","65",3704965.40335655
"1291","55",3704965.40335464
"1292","75",3704965.40335464
"1293","35",7409930.66566849
"1294","75",3704965.40335655
"1295","75",3704965.40335464
"1296","85",3704965.40335655
"1297","85",3704965.40335655
"1298","75",3704965.40335655
"1299","55",3704965.40335464
"1300","75",74048001.3404007
"1301","85",70387325.1039906
"1302","25",40755238.706089
"1303","5",18523762.9613266
"1304","65",103615344.654039
"1305","65",44456522.6402302
"1306","55",29625710.1193485
"1307","45",14819861.1092052
"1308","55",22228390.8772564
"1309","15",40726256.016943
"1310","15",14819861.1092014
"1311","35",14822611.2510929
"1312","35",7411331.05884361
"1313","75",22229791.7748718
"1314","85",25935093.738287
"1315","15",3706365.65548325
"1316","15",7412731.1701355
"1317","35",3706365.65548897
"1318","25",59253983.1393394
"1319","25",3706365.65548897
"1320","35",3706365.65548325
"1321","45",3706365.65548325
"1322","35",3706365.65548325
"1323","15",3706365.65548325
"1324","35",3706365.65548897
"1325","15",3706365.65548897
"1326","35",29640109.1625786
"1327","35",11119096.4031143
"1328","65",51860093.2221584
"1329","55",7412731.1701355
"1330","55",3706365.65548897
"1331","45",3706365.65548706
"1332","35",3706365.65548897
"1333","25",3706365.65548897
"1334","55",14822661.835804
"1335","65",3706365.65548706
"1336","55",7412731.1701355
"1337","75",29641122.04739
"1338","65",3706365.65548706
"1339","55",3706365.65548897
"1340","55",3706365.65548897
"1341","65",3706365.65548897
"1342","45",3706365.65548897
"1343","75",3706365.65548897
"1344","65",3706365.65548706
"1345","75",66659607.8601608
"1346","65",7412731.1701355
"1347","65",3706365.65548706
"1348","75",3706365.65548897
"1349","45",3706365.65548897
"1350","65",51871636.4975395
"1351","5",22238192.5015907
"1352","15",7414131.05869293
"1353","25",7414131.05869293
"1354","25",29648848.8080788
"1355","55",11121558.6930122
"1356","75",7414131.05869293
"1357","75",107312958.442673
"1358","25",3707765.40320778
"1359","35",3707765.40320396
"1360","45",3707765.40320778
"1361","55",11121558.6930161
"1362","25",3707765.40320778
"1363","15",3707765.40320778
"1364","35",3707765.40320396
"1365","45",3707765.40320396
"1366","65",3707765.40320778
"1367","45",3707765.40320778
"1368","55",22239787.8064766
"1369","55",3707765.40320396
"1370","45",3707765.40320396
"1371","35",3707765.40320587
"1372","25",3707765.40320587
"1373","15",3707765.40320396
"1374","35",7415530.66579056
"1375","45",3707765.40320396
"1376","55",3707765.40320587
"1377","65",3707765.40320396
"1378","75",3707765.40320396
"1379","35",3707765.40320396
"1380","55",3707765.40320587
"1381","45",3707765.40320396
"1382","75",11121558.6930103
"1383","55",3707765.40320396
"1384","75",3707765.40320587
"1385","75",7415530.66579056
"1386","65",7415530.66579056
"1387","75",7415530.66579056
"1388","75",3707765.40320396
"1389","75",3707765.40320396
"1390","65",11121558.6930122
"1391","75",3707765.40320587
"1392","35",159203190.842989
"1393","75",133268012.303635
"1394","15",22243453.5009327
"1395","5",25952907.7721558
"1396","25",11123295.7050362
"1397","25",14831061.1082439
"1398","85",22246590.9882126
"1399","75",14831061.1082439
"1400","5",14831061.1082439
"1401","35",29659322.1587296
"1402","45",7416930.04955292
"1403","35",11125756.7866077
"1404","45",14833473.6001568
"1405","55",11125756.7866096
"1406","15",14833859.8180733
"1407","65",74067056.3355579
"1408","45",14833859.8180771
"1409","65",7416930.04955101
"1410","55",11125033.0810223
"1411","15",3709164.64634514
"1412","35",85184752.1237869
"1413","45",218440815.877987
"1414","65",3709164.64634514
"1415","15",3709164.64634514
"1416","65",3709164.64634514
"1417","35",3709164.64634514
"1418","55",11127493.3774147
"1419","45",22243453.5009327
"1420","35",7418329.15228653
"1421","45",7418329.15228653
"1422","45",7418329.15228653
"1423","35",3709164.64634705
"1424","25",3709164.64634514
"1425","5",3709164.64634705
"1426","25",3709164.64634705
"1427","35",3709164.64634705
"1428","45",7418329.15228653
"1429","55",3709164.64634705
"1430","45",3709164.64634705
"1431","65",3709164.64634705
"1432","35",3709164.64634514
"1433","65",3709164.64634705
"1434","75",3709164.64634705
"1435","75",3709164.64634705
"1436","85",148233180.500532
"1437","65",85250488.6609211
"1438","15",40780155.268095
"1439","75",18540562.2327042
"1440","25",37086047.5556316
"1441","15",11127493.4343014
"1442","25",7419728.03109741
"1443","15",7419728.03109932
"1444","25",7419728.03109741
"1445","55",18548667.2489929
"1446","25",7419728.03109932
"1447","55",7419728.03109741
"1448","45",7419728.03109741
"1449","55",14839408.3993568
"1450","75",14839408.3993568
"1451","75",22260197.1193752
"1452","55",11129230.4463291
"1453","85",11129230.4463291
"1454","75",7419728.03109741
"1455","85",11129953.3663654
"1456","75",11129230.4463291
"1457","35",3710563.38475037
"1458","45",7421126.62931061
"1459","55",7421126.62931061
"1460","35",3710563.38475418
"1461","15",11129953.3663673
"1462","45",3710563.38475418
"1463","35",3710563.38475037
"1464","25",3710563.38475418
"1465","45",3710563.38475418
"1466","25",3710563.38475037
"1467","15",3710563.38475418
"1468","45",7421126.62931061
"1469","55",3710563.38475418
"1470","25",3710563.38475037
"1471","15",3710563.38475037
"1472","5",3710563.38475037
"1473","15",3710563.38475037
"1474","35",3710563.38475037
"1475","45",3710563.38475037
"1476","55",3710563.38475037
"1477","75",3710563.38475037
"1478","55",14839840.5119381
"1479","65",7421126.62931061
"1480","75",3710563.38475037
"1481","65",3710563.38475037
"1482","45",3710563.38475037
"1483","65",3710563.38475037
"1484","85",3710563.38475037
"1485","85",3710563.38475037
"1486","35",3710563.38475037
"1487","55",3710563.38475037
"1488","35",3710563.38475037
"1489","55",3710563.38475037
"1490","65",628199300.137362
"1491","55",3710563.38475037
"1492","75",14839840.5119381
"1493","15",122277247.004404
"1494","45",29673314.1423283
"1495","65",59333360.2545376
"1496","15",14845003.4096851
"1497","25",11133426.2970314
"1498","75",40790621.0717831
"1499","65",11133426.2970333
"1500","75",11133426.2970314
"1501","55",7422525.00298882
"1502","75",7422525.00298882
"1503","75",29681707.9738941
"1504","55",7423923.09649658
"1505","35",14843313.0781078
"1506","25",3711961.61823845
"1507","5",59353713.9648685
"1508","25",3711961.61823654
"1509","35",3711961.61823845
"1510","25",3711961.61823654
"1511","35",3711961.61823845
"1512","45",3711961.61823654
"1513","55",14845095.4815998
"1514","45",7423923.09649658
"1515","35",3711961.61823654
"1516","25",3711961.61823845
"1517","5",3711961.61823654
"1518","25",3711961.61823845
"1519","35",3711961.61823654
"1520","25",3711961.61823654
"1521","55",33394973.4261436
"1522","35",18556334.8251266
"1523","15",7423923.09649658
"1524","25",3711961.61823845
"1525","35",11135884.2948036
"1526","85",3711961.61823845
"1527","75",3711961.61823845
"1528","65",3711961.61823845
"1529","65",7423923.09650421
"1530","45",3711961.61823845
"1531","35",3711961.61823845
"1532","65",3711961.61823845
"1533","75",3711961.61823845
"1534","65",3711961.61823845
"1535","45",3711961.61823845
"1536","55",3711961.61823845
"1537","55",3711961.61823845
"1538","65",3711961.61823845
"1539","55",7423923.09649658
"1540","75",11134148.4317703
"1541","25",3711961.61823845
"1542","45",3711961.61823845
"1543","25",3711961.61823845
"1544","75",3711961.61823845
"1545","85",63058926.8291283
"1546","75",3711961.61823845
"1547","75",11134148.4317646
"1548","95",3711961.61823845
"1549","95",3711961.61823845
"1550","95",14845049.7258072
"1551","85",3711961.61823845
"1552","15",51947881.1314697
"1553","35",18560145.6355782
"1554","25",7425320.96486282
"1555","55",7425320.96486282
"1556","45",103850361.885794
"1557","55",11137620.6325893
"1558","65",7425320.96486664
"1559","75",11137620.6325893
"1560","85",48252879.9467621
"1561","85",7425320.96486664
"1562","25",11140077.4808426
"1563","35",3713359.34662819
"1564","15",3713359.34662819
"1565","15",3713359.34662819
"1566","25",3713359.34662628
"1567","55",3713359.34662628
"1568","45",3713359.34662628
"1569","35",3713359.34662819
"1570","5",3713359.34662819
"1571","15",3713359.34662628
"1572","35",7426718.5534935
"1573","15",11138341.9822693
"1574","55",3713359.34662628
"1575","25",3713359.34662628
"1576","35",3713359.34662628
"1577","15",7426718.5534935
"1578","25",3713359.34662819
"1579","35",3713359.34662819
"1580","65",40827425.7163601
"1581","45",3713359.34662819
"1582","75",7426718.55349731
"1583","55",3713359.34662819
"1584","75",3713359.34662819
"1585","35",3713359.34662819
"1586","15",3713359.34662819
"1587","35",3713359.34662819
"1588","45",3713359.34662819
"1589","55",3713359.34662819
"1590","45",40824919.6326237
"1591","25",11141813.4524841
"1592","35",11141813.4524841
"1593","25",7428115.91639519
"1594","15",7428115.91639328
"1595","35",7428115.91639328
"1596","45",11142534.0173931
"1597","25",11141813.4524841
"1598","25",22287640.4341068
"1599","25",7428115.91639328
"1600","45",14856231.5534859
"1601","45",22287640.4341068
"1602","75",7428115.91639328
"1603","55",22280155.4347458
"1604","65",7428115.91639519
"1605","55",7428115.91639519
"1606","45",7428115.91639328
"1607","65",26001381.8766441
"1608","55",3714756.569767
"1609","15",3714756.569767
"1610","35",7429512.99998856
"1611","35",3714756.569767
"1612","5",3714756.569767
"1613","45",3714756.569767
"1614","15",7429512.99998856
"1615","55",3714756.569767
"1616","65",3714756.569767
"1617","35",7429512.99998856
"1618","55",7429512.99998856
"1619","35",7429512.99998856
"1620","45",3714756.569767
"1621","75",3714756.569767
"1622","45",3714756.569767
"1623","35",7429512.99998856
"1624","25",18569972.7169247
"1625","35",7429512.99998856
"1626","45",3714756.569767
"1627","45",3714756.569767
"1628","55",3714756.569767
"1629","65",7429512.99998856
"1630","25",3714756.56976509
"1631","65",3714756.56976509
"1632","55",3714756.569767
"1633","45",3714756.56976509
"1634","35",3714756.569767
"1635","75",14854495.6356392
"1636","75",33414453.7341747
"1637","15",14861437.8449097
"1638","25",18577208.9837837
"1639","15",7430909.85723686
"1640","75",22289935.3519974
"1641","55",14859025.773632
"1642","55",7430909.85723686
"1643","15",7430909.85723686
"1644","75",11146004.7562313
"1645","85",26004734.4859219
"1646","35",7432306.4356041
"1647","35",3716153.28746986
"1648","35",3716153.28746986
"1649","35",3716153.28746986
"1650","45",7432306.43560791
"1651","15",3716153.28746986
"1652","25",3716153.28746986
"1653","25",3716153.28746986
"1654","25",3716153.28746986
"1655","55",7432306.43560791
"1656","25",3716153.28746986
"1657","45",3716153.28746986
"1658","45",7432306.4356041
"1659","55",3716153.28746986
"1660","65",7432306.4356041
"1661","65",3716153.28746986
"1662","75",11146724.5366096
"1663","75",3716153.28746986
"1664","55",3716153.28746986
"1665","65",3716153.28746986
"1666","55",3716153.28746986
"1667","65",18575221.3463879
"1668","55",3716153.28746986
"1669","55",3716153.28746986
"1670","55",3716153.28746986
"1671","55",3716153.28746986
"1672","85",3716153.28746986
"1673","65",7432306.4356041
"1674","35",3716153.28746986
"1675","45",3716153.28746986
"1676","65",26004308.3951035
"1677","75",18579707.5432739
"1678","25",81689645.0757465
"1679","25",7433702.78704643
"1680","5",7433702.78704643
"1681","35",7433702.78704643
"1682","45",14867024.6289825
"1683","75",11150194.5432854
"1684","85",11150913.5394115
"1685","65",48290049.496582
"1686","45",3717549.49958038
"1687","15",3717549.49957657
"1688","55",3717549.49957657
"1689","35",3717549.49957657
"1690","25",18580765.008173
"1691","25",3717549.49957657
"1692","45",3717549.49958038
"1693","45",3717549.49957657
"1694","55",3717549.49958038
"1695","65",3717549.49957657
"1696","75",18584235.3813477
"1697","65",7435098.86004639
"1698","55",7435098.86004639
"1699","35",14870196.6071625
"1700","45",7435098.86004639
"1701","55",63158852.1404362
"1702","45",3717549.49958038
"1703","65",3717549.49958038
"1704","55",3717549.49958038
"1705","75",3717549.49958038
"1706","25",3717549.49958038
"1707","65",3717549.49958038
"1708","85",3717549.49958038
"1709","75",7435098.86004639
"1710","55",3717549.49958038
"1711","65",3717549.49958038
"1712","75",7435098.86003876
"1713","65",63153302.5880356
"1714","65",52011833.2486458
"1715","5",473972923.38583
"1716","15",11152647.9929543
"1717","65",118911239.415684
"1718","55",26020771.8671665
"1719","45",7436494.70548439
"1720","65",14873368.3200493
"1721","55",7436494.70548439
"1722","45",7436494.70548439
"1723","75",11154382.8131657
"1724","55",7436494.7054863
"1725","55",7436494.70548439
"1726","65",11155101.0252838
"1727","35",7436494.7054863
"1728","35",7436494.70548439
"1729","65",3718945.20590782
"1730","25",3718945.20590782
"1731","35",7437890.27292252
"1732","25",3718945.20590782
"1733","5",7437890.2729187
"1734","25",3718945.20590782
"1735","35",3718945.20590782
"1736","35",3718945.20590782
"1737","75",22308168.3168793
"1738","55",3718945.20590782
"1739","65",3718945.20590401
"1740","55",3718945.20590401
"1741","85",3718945.20590401
"1742","55",3718945.20590401
"1743","85",3718945.20590401
"1744","65",3718945.20590401
"1745","55",3718945.20590591
"1746","65",85425302.6965237
"1747","25",22303898.2564983
"1748","45",29748466.6708412
"1749","65",14875780.3176975
"1750","65",11158569.5653324
"1751","65",7439285.61221313
"1752","65",14878570.9468536
"1753","5",11159286.9937305
"1754","35",3720340.40630913
"1755","25",3720340.40630722
"1756","75",3720340.40630913
"1757","55",3720340.40630722
"1758","35",3720340.40630913
"1759","55",3720340.40630913
"1760","65",3720340.40630913
"1761","55",3720340.40630722
"1762","45",7440680.67392731
"1763","45",3720340.40630722
"1764","75",7440680.67392731
"1765","65",3720340.40630722
"1766","85",3720340.40630722
"1767","85",3720340.40630722
"1768","55",3720340.40630722
"1769","65",11159286.9937248
"1770","75",3720340.40630722
"1771","65",55767458.2316055
"1772","85",11161020.7127934
"1773","45",7442075.50688744
"1774","45",22326225.412075
"1775","75",18602757.0564251
"1776","55",18598910.618681
"1777","75",18604868.347414
"1778","15",3721735.10057831
"1779","35",3721735.10057831
"1780","35",3721735.10058212
"1781","45",3721735.10057831
"1782","25",3721735.10057831
"1783","65",3721735.10058212
"1784","55",3721735.10057831
"1785","45",3721735.10057831
"1786","55",3721735.1005764
"1787","55",3721735.10058212
"1788","55",3721735.1005764
"1789","65",3721735.10058212
"1790","85",7443470.06269455
"1791","65",3721735.1005764
"1792","65",3721735.1005764
"1793","65",3721735.10058212
"1794","65",3721735.10058212
"1795","45",7443470.06269455
"1796","75",33486190.1352997
"1797","55",40922004.6283035
"1798","55",22331464.9836941
"1799","65",14886939.8960438
"1800","75",22330409.1755314
"1801","75",18609729.8831158
"1802","25",3723129.28857803
"1803","15",3723129.28857613
"1804","5",3723129.28857803
"1805","25",3723129.28857803
"1806","45",7446258.43890762
"1807","45",3723129.28857613
"1808","35",3723129.28857803
"1809","5",3723129.28857613
"1810","35",3723129.28857803
"1811","55",3723129.28857803
"1812","55",3723129.28857803
"1813","65",3723129.28857803
"1814","85",11167654.376236
"1815","85",7446258.43890762
"1816","85",3723129.28857803
"1817","65",3723129.28857803
"1818","65",7446258.43891144
"1819","15",171026480.44388
"1820","75",22331802.2600746
"1821","55",33497346.0756798
"1822","15",22337342.948204
"1823","65",11169387.3592796
"1824","35",63231105.001236
"1825","65",7447652.25869942
"1826","55",7447652.25870132
"1827","75",7447652.25869942
"1828","25",29785408.2438965
"1829","15",3724522.97012329
"1830","5",3724522.97012329
"1831","35",18618808.8926239
"1832","25",3724522.97012329
"1833","55",3724522.97012329
"1834","75",3724522.97012329
"1835","45",3724522.97012329
"1836","45",3724522.97012329
"1837","65",3724522.97012329
"1838","45",3724522.97012329
"1839","75",3724522.97012329
"1840","55",11171835.7892857
"1841","65",3724522.97012329
"1842","75",3724522.97012329
"1843","75",3724522.97012329
"1844","75",7449045.80221558
"1845","65",3724522.97012329
"1846","65",85615192.3513412
"1847","65",26068532.3307095
"1848","85",22348530.2131748
"1849","45",37224316.8821259
"1850","45",3725916.14503479
"1851","35",3725916.14503479
"1852","15",3725916.1450386
"1853","65",3725916.14503479
"1854","25",3725916.14503479
"1855","35",3725916.14503479
"1856","65",3725916.14503479
"1857","75",3725916.1450386
"1858","55",7451832.15225983
"1859","55",3725916.14503479
"1860","65",3725916.14503479
"1861","65",3725916.1450386
"1862","85",3725916.14503479
"1863","55",3725916.14503479
"1864","65",3725916.1450386
"1865","65",14903663.2020264
"1866","45",48402406.7347584
"1867","45",14903664.0733585
"1868","35",29809739.5024452
"1869","35",11180194.0564232
"1870","5",7453224.95820045
"1871","45",33520364.2518005
"1872","35",7453224.95820045
"1873","15",7453224.95820045
"1874","55",52132429.5004673
"1875","65",70729940.6662235
"1876","85",11179480.5427723
"1877","75",18632399.869772
"1878","25",3727308.81316566
"1879","45",3727308.81316566
"1880","25",3727308.81316185
"1881","35",3727308.81316566
"1882","65",18633044.5273094
"1883","55",3727308.81316566
"1884","55",3727308.81316566
"1885","55",3727308.81316185
"1886","55",3727308.81316185
"1887","45",3727308.81316566
"1888","75",11181925.8891068
"1889","65",3727308.81316566
"1890","75",11180194.0564194
"1891","65",7454617.48873138
"1892","45",3727308.81316185
"1893","65",3727308.81316185
"1894","85",29806237.3389492
"1895","35",44712041.8569355
"1896","75",22357227.319313
"1897","55",14909234.7456913
"1898","25",14908181.5170994
"1899","75",18635115.9807568
"1900","45",11183658.1779995
"1901","45",7456009.78748894
"1902","65",7456009.78748703
"1903","75",29805593.5050964
"1904","65",11183658.1779976
"1905","75",7456009.78748894
"1906","55",18633757.7158089
"1907","85",7456009.78748894
"1908","65",14911646.0082817
"1909","35",3728700.97432327
"1910","25",3728700.97432327
"1911","35",3728700.97432327
"1912","45",11184370.9094944
"1913","45",3728700.97432518
"1914","65",7457401.81126785
"1915","25",3728700.97432327
"1916","45",3728700.97432327
"1917","45",3728700.97432518
"1918","25",3728700.97432327
"1919","55",3728700.97432327
"1920","65",3728700.97432518
"1921","85",11186102.3734627
"1922","75",3728700.97432518
"1923","75",3728700.97432518
"1924","85",7457401.81126785
"1925","55",3728700.97432518
"1926","75",130326811.904705
"1927","15",11186102.4158306
"1928","75",29823664.5691509
"1929","95",18644556.0290203
"1930","45",11188546.2415314
"1931","85",26099853.5919399
"1932","65",7458793.60266876
"1933","45",3730092.62834358
"1934","5",3730092.62834549
"1935","25",3730092.62834358
"1936","15",3730092.62834549
"1937","25",3730092.62834549
"1938","55",18643503.4452114
"1939","55",3730092.62834549
"1940","55",3730092.62834358
"1941","55",3730092.62834549
"1942","85",3730092.62834549
"1943","65",3730092.62834358
"1944","35",3730092.62834549
"1945","45",3730092.62834549
"1946","65",3730092.62834358
"1947","65",3730092.62834549
"1948","85",26101616.9317436
"1949","25",14923523.4373379
"1950","35",7461576.4034214
"1951","45",11192008.8840885
"1952","35",7461576.4034214
"1953","75",22379503.1865425
"1954","35",3731483.77507591
"1955","45",3731483.77507782
"1956","65",26111017.7397976
"1957","45",3731483.77507591
"1958","65",3731483.77507782
"1959","45",3731483.77507591
"1960","75",3731483.77507591
"1961","55",7462967.41321182
"1962","65",3731483.77507591
"1963","85",3731483.77507782
"1964","75",29843180.6573067
"1965","65",18653244.4204102
"1966","85",29847354.9750061
"1967","15",7464358.18939781
"1968","45",11196181.953949
"1969","85",7464358.18939781
"1970","55",14925934.5928173
"1971","35",7465748.69191742
"1972","45",3732874.41431999
"1973","65",3732874.41431999
"1974","65",3732874.41431999
"1975","75",3732874.41431999
"1976","65",3732874.41431999
"1977","55",3732874.41431999
"1978","75",3732874.41431999
"1979","55",3732874.41431999
"1980","75",14929086.0918636
"1981","85",7465748.69191742
"1982","65",78271715.4539757
"1983","45",11200353.5009804
"1984","55",14931497.1496372
"1985","35",11200353.5009823
"1986","85",14934277.6472511
"1987","65",3734264.54591942
"1988","35",14934306.4534626
"1989","45",3734264.54591942
"1990","65",3734264.54591942
"1991","75",3734264.54591942
"1992","75",78376596.5319633
"1993","85",3734264.54591942
"1994","65",178865025.05097
"1995","55",89564655.7444382
"1996","55",18670981.8221436
"1997","75",22406976.1187172
"1998","55",18672371.3096542
"1999","75",22398634.0792961
"2000","85",26130117.854372
"2001","45",3735654.16971207
"2002","35",3735654.16971397
"2003","65",3735654.16971207
"2004","55",3735654.16971397
"2005","45",3735654.16971207
"2006","15",3735654.16971207
"2007","25",3735654.16971397
"2008","65",3735654.16971397
"2009","75",7471308.20314407
"2010","75",3735654.16971207
"2011","75",3735654.16971397
"2012","45",7472697.45523643
"2013","35",18679318.7843895
"2014","55",18675490.585186
"2015","55",22410804.2189674
"2016","75",33606644.0164547
"2017","65",3737043.28552055
"2018","75",26150392.2622128
"2019","75",3737043.28552055
"2020","65",3737043.28552246
"2021","55",3737043.28552055
"2022","75",3737043.28552055
"2023","65",26146457.7446308
"2024","75",3737043.28552055
"2025","95",3737043.28552055
"2026","35",18689014.9788208
"2027","65",11212859.0001488
"2028","85",156732171.346306
"2029","75",3738431.89317322
"2030","75",3738431.89317322
"2031","75",18690403.2140007
"2032","65",11215295.1711979
"2033","85",67295125.737545
"2034","55",7478251.88567734
"2035","55",7478251.88567734
"2036","65",14953727.0643692
"2037","75",3739819.99250412
"2038","85",3739819.99250412
"2039","65",3739819.99250412
"2040","55",3739819.99250603
"2041","75",7479639.84938049
"2042","45",18699099.3184013
"2043","95",14962054.880661
"2044","65",3741207.58334541
"2045","55",3741207.58334541
"2046","65",3741207.58334541
"2047","95",11223622.2084122
"2048","85",112127132.692089
"2049","75",26177349.3057423
"2050","75",22448654.2994843
"2051","55",7483802.24886513
"2052","45",33659422.1053658
"2053","65",7483802.24886513
"2054","85",26188792.87393
"2055","75",26187064.7128696
"2056","55",3742594.66552162
"2057","65",3742594.66552162
"2058","85",18712972.8187809
"2059","55",26194702.5762634
"2060","75",3743981.23887062
"2061","85",3743981.23887062
"2062","85",7487962.34276962
"2063","65",41176858.1848793
"2064","65",7490734.47170258
"2065","75",1002662126.1169
"2066","75",3748137.90424538
